Number,Gender,NameSet,Title,GivenName,MiddleInitial,Surname,StreetAddress,City,State,StateFull,ZipCode,Country,CountryFull,EmailAddress,Username,Password,TelephoneNumber,TelephoneCountryCode,Birthday,Company,Domain
1,male,French,Mr.,Thibaut,C,Avare,"76 Rue de la Pompe",MAMOUDZOU,MY,Mayotte,97600,FR,France,ThibautAvare@jourrapide.com,Guis1991,Ie6iequ8ae,02.13.47.95.65,33,4/20/1991,"Budget Tapes & Records",SellLofts.fr
2,female,French,Mrs.,Demi,T,Ruel,"47 rue Banaudon",LYON,RA,Rhône-Alpes,69006,FR,France,DemiRuel@cuvox.de,Babot1996,Voh6afoo3,04.04.07.55.04,33,9/3/1996,Tianguis,BreakfastSales.fr
3,male,French,Mr.,Russell,B,Lamare,"53 rue des Chaligny",NICE,PA,"Provence-Alpes-Côte d'Azur",06300,FR,France,RussellLamare@fleckens.hu,Puntionve62,she1ohBeew,04.17.45.70.28,33,2/24/1962,Silo,WaxStyles.fr
4,female,French,Mrs.,"La Roux",M,Leblanc,"96 rue Clement Marot",PERPIGNAN,LN,Languedoc-Roussillon,66000,FR,France,LaRouxLeblanc@einrot.com,Imest1997,fooshohh6Zae,04.61.31.13.70,33,10/17/1997,"Jackpot Consultant",IncredibleBags.fr
5,male,French,Mr.,Serge,A,Bonenfant,"8 rue Léon Dierx",LOMME,NP,Nord-Pas-de-Calais,59160,FR,France,SergeBonenfant@rhyta.com,Thicest,eeCeex5nie,03.90.98.39.27,33,11/10/1975,"Kelly and Cohen",PokerPortraits.fr
6,male,French,Mr.,Benjamin,P,Tremblay,"82 Avenue des Pr'es",MONTIGNY-LE-BRETONNEUX,IL,Île-de-France,78180,FR,France,BenjaminTremblay@rhyta.com,Hinceeng,ieg7ahGh,01.95.21.43.53,33,4/14/1997,"Strategy Planner",SmokingRestaurant.fr
7,female,French,Mrs.,Bradamate,J,Michel,"69 rue Banaudon",LYON,RA,Rhône-Alpes,69008,FR,France,BradamateMichel@cuvox.de,Theyers,eX3soo0seik,04.70.84.78.65,33,2/3/1997,"Foot Quarters",LookWealthy.fr
8,male,French,Mr.,Charlot,Z,Fortin,"96 rue des Dunes",SAINT-MARTIN-D'HÈRES,RA,Rhône-Alpes,38400,FR,France,CharlotFortin@cuvox.de,Cousk1997,waiFiec7,04.11.46.38.35,33,4/4/1997,"Morrie Mages",AtlasCam.fr
9,male,French,Mr.,Bevis,A,Soucy,"38 Rue de Verdun",MONTÉLIMAR,RA,Rhône-Alpes,26200,FR,France,BevisSoucy@armyspy.com,Forate,Poose6tohcei,04.76.85.97.01,33,5/28/1980,"Solution Answers",HisTeacher.fr
10,female,French,Mrs.,Paulette,T,Trottier,"13 avenue Ferdinand de Lesseps",GRENOBLE,RA,Rhône-Alpes,38100,FR,France,PauletteTrottier@teleworm.us,Tiour1968,Keeso5ch,04.99.40.33.14,33,3/28/1968,"Media Play",MLSReview.fr
11,female,French,Dr.,Hélène,J,Ménard,"45 rue des Soeurs","LA CIOTAT",PA,"Provence-Alpes-Côte d'Azur",13600,FR,France,HeleneMenard@einrot.com,Capost,aighahQuie6oo,04.62.64.18.49,33,7/22/1958,"Gamma Realty",ChiropractorsTips.fr
12,female,French,Ms.,Madelene,A,Crête,"40 avenue Voltaire",MALAKOFF,IL,Île-de-France,92240,FR,France,MadeleneCrete@einrot.com,Seliestionce,ieZ7shier,01.44.03.81.13,33,9/27/1984,"Alladin's Lamp",HumorCheck.fr
13,male,French,Mr.,Valiant,V,Bussière,"59 Rue de Verdun",MONT-DE-MARSAN,AQ,Aquitaine,40000,FR,France,ValiantBussiere@einrot.com,Undfuld,iam4Ni6fav,05.12.14.25.72,33,10/8/1965,"Skaggs-Alpha Beta",BasketballPhotography.fr
14,female,French,Ms.,Véronique,M,Souplet,"38 rue Marguerite",VILLEURBANNE,RA,Rhône-Alpes,69100,FR,France,VeroniqueSouplet@gustr.com,Calwascame95,eTah6aiko,04.62.44.82.74,33,11/12/1995,"Crafts & More",CartridgeBargains.fr
15,female,French,Ms.,Susanne,M,LeBatelier,"34 rue Pierre De Coubertin",TOULOUSE,MP,Midi-Pyrénées,31300,FR,France,SusanneLeBatelier@superrito.com,Themores,tho5ohPie7d,05.89.81.86.29,33,6/12/1986,Orion,VoiceScar.fr
16,female,French,Ms.,Maurelle,H,Émond,"92 rue Clement Marot",PERPIGNAN,LN,Languedoc-Roussillon,66000,FR,France,MaurelleEmond@dayrep.com,Giceit1969,uoqu4Urai,04.00.19.36.68,33,10/18/1969,"Lawn N' Order Garden Care",VegetableBread.fr
17,male,French,Mr.,Laurent,A,Cotuand,"34 Place Charles de Gaulle",VILLENAVE-D'ORNON,AQ,Aquitaine,33140,FR,France,LaurentCotuand@fleckens.hu,Mancien,Ca7fiiyee,05.61.04.85.48,33,10/6/1963,Hastings,FratFoods.fr
18,male,French,Mr.,Denis,M,Foucault,"99 Place du Jeu de Paume",VIGNEUX-SUR-SEINE,IL,Île-de-France,91270,FR,France,DenisFoucault@rhyta.com,Abuthery,ohz7oPai9,01.08.12.72.16,33,9/19/1997,"Sound Warehouse",MirrorSupply.fr
19,female,French,Ms.,Crescent,A,Bousquet,"48 rue Jean Vilar",BELFORT,FC,Franche-Comté,90000,FR,France,CrescentBousquet@armyspy.com,Foromed,theevah3aPei,03.30.93.43.05,33,8/15/1988,"MVP Sports",RentalMaids.fr
20,female,French,Ms.,Armina,M,Rouze,"68 Rue du Limas",BASSE-TERRE,GD,Guadeloupe,97100,FR,France,ArminaRouze@jourrapide.com,Honte1958,eiJee3oshai,05.07.30.36.46,33,11/19/1958,"Manning's Cafeterias",MortgageHappens.fr
21,female,French,Ms.,Karlotta,C,Bérard,"55 rue Marie de Médicis",BLAGNAC,MP,Midi-Pyrénées,31700,FR,France,KarlottaBerard@cuvox.de,Shaterent,ooCh9puLu3,05.65.60.17.69,33,12/4/1991,"Universo Realtors",MediaChronicles.fr

23,male,French,Mr.,Jean,C,Racicot,"20 rue Petite Fusterie",BOURG-EN-BRESSE,RA,Rhône-Alpes,01000,FR,France,JeanRacicot@armyspy.com,Hunce1987,aez0lahZ9,04.45.97.04.54,33,4/19/1987,"Buena Vista Realty Service",DiscOffers.fr


26,male,French,Mr.,Delmar,Z,Lagrange,"34 rue de Raymond Poincaré",NANTES,PL,"Pays de la Loire",44200,FR,France,DelmarLagrange@cuvox.de,Witemagen,oQuu9Aen,02.30.28.41.81,33,4/20/1996,Sambo's,PornographyBiz.fr

28,male,French,Mr.,Sacripant,R,Charpentier,"43 rue Descartes",SUCY-EN-BRIE,IL,Île-de-France,94370,FR,France,SacripantCharpentier@armyspy.com,Fichalfic1978,Oog1yaecai2,01.14.26.48.81,33,5/2/1978,"Jeans Unlimited",NetworkingRewards.fr
29,male,French,Mr.,Huon,C,Beauchamp,"75 rue Léon Dierx",LISIEUX,BN,Basse-Normandie,14100,FR,France,HuonBeauchamp@rhyta.com,Preas1962,UTh8mahg,02.30.49.82.28,33,8/17/1962,"Highland Appliance",CamIntegration.fr

31,male,French,Mr.,Soren,R,Lacroix,"66 Rue de Verdun",MONTFERMEIL,IL,Île-de-France,93370,FR,France,SorenLacroix@jourrapide.com,Oulaings,ohXiel2jai,01.04.86.51.65,33,10/12/1979,"Desert Garden Help",FullVolumeMousse.fr

33,male,French,Mr.,Somer,D,Robert,"65 cours Jean Jaures",BORDEAUX,AQ,Aquitaine,33800,FR,France,SomerRobert@armyspy.com,Corescoleat,OhGiY9wohkoh,05.12.99.97.58,33,5/26/1996,"Red Food",StandardHousing.fr

35,male,French,Mr.,Peppin,S,Larivière,"18 rue Saint Germain",GARGES-LÈS-GONESSE,IL,Île-de-France,95140,FR,France,PeppinLariviere@einrot.com,Thisced,gaoShae1ch,01.14.48.46.31,33,12/20/1991,Patterson-Fletcher,FemaleTeam.fr
36,female,French,Mrs.,Dorene,T,Trottier,"33 boulevard de la Liberation",MARSEILLE,PA,"Provence-Alpes-Côte d'Azur",13015,FR,France,DoreneTrottier@dayrep.com,Sery1983,mi3Eyaiyi,04.80.10.38.91,33,10/23/1983,"Envirotecture Design Service",GolfRealtor.fr
37,male,French,Mr.,Loring,A,Desruisseaux,"53 rue Grande Fusterie",BRÉTIGNY-SUR-ORGE,IL,Île-de-France,91220,FR,France,LoringDesruisseaux@fleckens.hu,Allon1976,auChi4hux,01.63.64.16.89,33,3/4/1976,Luskin's,PunkInfo.fr
38,female,French,Ms.,Durandana,M,Beauchamp,"80 Rue de la Pompe",MANOSQUE,PA,"Provence-Alpes-Côte d'Azur",04100,FR,France,DurandanaBeauchamp@gustr.com,Therese,ithae1Xoo,04.78.04.79.16,33,8/26/1994,"Big Wheel",NashvilleHealthClub.fr
39,female,French,Ms.,Virginie,B,"De La Vergne","28 rue Pierre Motte",SAINT-DIÉ,LO,Lorraine,88100,FR,France,VirginieDeLaVergne@teleworm.us,Walach,PoNgeit1g,03.63.50.50.39,33,1/18/1988,"Cut Rite Lawn Care",BunkerSide.fr

41,female,French,Ms.,Henriette,C,Bonsaint,"55 rue des Coudriers",MONT-SAINT-AIGNAN,HN,Haute-Normandie,76130,FR,France,HenrietteBonsaint@gustr.com,Cordes,thiengee8Io,02.00.31.08.53,33,1/17/1965,"J. B. Van Sciver",CommodityPost.fr
42,male,French,Mr.,Ogier,M,Lamothe,"78 rue des Soeurs","LA CIOTAT",PA,"Provence-Alpes-Côte d'Azur",13600,FR,France,OgierLamothe@armyspy.com,Heak1976,uZeu3eeTh,04.75.54.41.92,33,4/3/1976,"Wise Appraisals",ScubaVests.fr
43,male,French,Mr.,Turner,F,Poisson,"50 rue Marie de Médicis",BLAGNAC,MP,Midi-Pyrénées,31700,FR,France,TurnerPoisson@einrot.com,Awassome1968,Mo2aicu8ea,05.92.67.26.29,33,2/12/1968,"Fit Tonic",BrandTips.fr

45,female,French,Mrs.,Minette,C,Barrière,"56 rue Michel Ange","LE KREMLIN-BICÊTRE",IL,Île-de-France,94270,FR,France,MinetteBarriere@jourrapide.com,Whinvotat,Iup8chaegai,01.64.32.30.77,33,9/26/1983,"Just For Feet",NetworkProposal.fr



49,male,French,Mr.,Sargent,C,Bélanger,"39 rue Clement Marot",PESSAC,AQ,Aquitaine,33600,FR,France,SargentBelanger@jourrapide.com,Marfes,eeW8ubieloo,05.72.53.67.77,33,6/12/1970,"Fisher Foods",SecondMoms.fr

51,male,French,Mr.,Vallis,S,Benoit,"98 Square de la Couronne",OZOIR-LA-FERRIÈRE,IL,Île-de-France,77330,FR,France,VallisBenoit@armyspy.com,Agat1984,goosh2Nahfah,01.73.54.12.81,33,4/11/1984,"Lee Wards",HockeyAid.fr


54,male,French,Mr.,Aloin,P,Mercier,"99 rue Pierre De Coubertin",TOULOUSE,MP,Midi-Pyrénées,31400,FR,France,AloinMercier@superrito.com,Suce1970,Zoo8cuNadie,05.16.02.30.39,33,6/23/1970,"Fit Tonic",ScoreMeter.fr

56,female,French,Mrs.,Phillipa,J,Couet,"48 Place de la Madeleine",PARIS,IL,Île-de-France,75011,FR,France,PhillipaCouet@gustr.com,Drusectur,viech4baeW,01.35.44.40.77,33,3/4/1975,Monlinks,GuyHumor.fr
57,female,French,Ms.,Ancelote,S,L'Angelier,"51 rue de Raymond Poincaré",NARBONNE,LN,Languedoc-Roussillon,11100,FR,France,AnceloteLAngelier@gustr.com,Seentacts,Pa6aeXae,04.64.75.49.20,33,12/6/1983,"AJ Bayless",HydraulicCompany.fr
58,male,French,Mr.,Arthur,A,Morel,"69 avenue de Provence",VALENCIENNES,NP,Nord-Pas-de-Calais,59300,FR,France,ArthurMorel@jourrapide.com,Fehe1963,ainahM6Ae,03.92.03.71.41,33,7/22/1963,"Matrix Architectural Service",StatOfficial.fr
59,female,French,Ms.,Jeanette,D,Duffet,"86 boulevard de Prague",NIORT,PC,Poitou-Charentes,79000,FR,France,JeanetteDuffet@fleckens.hu,Mition69,awaa9Eiloo,05.13.17.23.57,33,9/16/1969,"Red Robin Stores",WirelessMortgages.fr
60,male,French,Dr.,Gustave,A,Patry,"62 rue des Soeurs","LA GARDE",PA,"Provence-Alpes-Côte d'Azur",83130,FR,France,GustavePatry@gustr.com,Andised,zai4uePh0,04.22.62.45.11,33,11/17/1988,"Sports Unlimited",MiracleLegs.fr
61,female,French,Ms.,Noémi,É,Couet,"6 rue La Boétie",PARIS,IL,Île-de-France,75014,FR,France,NoemiCouet@cuvox.de,Hisaing,oisood2Ooph,01.81.23.92.42,33,12/28/1997,"Infinity Investment Plan",CourseReporter.fr
62,male,French,Mr.,Iven,H,Bonneville,"94 rue Isambard",FRÉJUS,PA,"Provence-Alpes-Côte d'Azur",83600,FR,France,IvenBonneville@teleworm.us,Sufficany,siz8Lohsh,04.80.97.88.99,33,10/18/1963,"Larry's Markets",HaveNeeds.fr
63,male,French,Mr.,Channing,M,Bordeleau,"51 quai Saint-Nicolas",TOURS,CE,Centre,37100,FR,France,ChanningBordeleau@superrito.com,Allad1967,Zoo0chie,02.84.48.50.14,33,3/23/1967,Profitpros,CopySync.fr
64,female,French,Dr.,Rosemarie,C,Langlais,"31 place Stanislas",NANCY,LO,Lorraine,54000,FR,France,RosemarieLanglais@jourrapide.com,Unfinamess,za8Iich3Diu,03.49.97.32.63,33,9/10/1988,"Quality Event Planner",LifeSeats.fr



68,male,French,Mr.,Fletcher,A,Bédard,"59 avenue Ferdinand de Lesseps",GRANDE-SYNTHE,NP,Nord-Pas-de-Calais,59760,FR,France,FletcherBedard@cuvox.de,Overeate,agh2Za9B,02.33.63.97.92,33,3/21/1988,"Electric Avenue",MexicanObjects.fr
69,female,French,Mrs.,Amorette,T,Labossière,"73 rue de la Hulotais",SAINT-PIERRE-ET-MIQUELON,IL,Île-de-France,97500,FR,France,AmoretteLabossiere@jourrapide.com,Throas,seb1eini2Uul,05.17.95.33.15,33,10/8/1994,"Dun Rite Lawn Care",BackgroundBlog.fr

72,female,French,Ms.,Jolie,R,Varieur,"96 rue du Clair Bocage","LA ROCHE-SUR-YON",PL,"Pays de la Loire",85000,FR,France,JolieVarieur@armyspy.com,Brod1986,eiNgaezae0,02.99.25.45.64,33,8/23/1986,"Simply Save",AutomobileInsuranceGuide.fr


75,female,French,Mrs.,Esperanza,I,Brian,"13 rue de la République",LYON,RA,Rhône-Alpes,69004,FR,France,EsperanzaBrian@einrot.com,Norne1996,foo7ak5Noh,04.78.30.65.15,33,9/15/1996,"Multi-Systems Merchant Services",TampaConcert.fr
76,female,French,Mrs.,Thérèse,F,Courtemanche,"74 Avenue De Marlioz",ARGENTEUIL,IL,Île-de-France,95100,FR,France,ThereseCourtemanche@cuvox.de,Frace1975,aquaeV8eebie,01.23.52.95.39,33,7/5/1975,"Cougar Investment",SoyBusiness.fr

78,male,French,Mr.,Henry,C,Chandonnet,"73 boulevard Albin Durand",CHÂLONS-EN-CHAMPAGNE,CA,Champagne-Ardenne,51000,FR,France,HenryChandonnet@armyspy.com,Prilder,eu2IewauVoi,03.75.28.84.45,33,11/20/1968,"Mr. Good Buys",GreenDakota.fr

80,female,French,Mrs.,Galatee,J,Meunier,"40 Place de la Gare",COMBS-LA-VILLE,IL,Île-de-France,77380,FR,France,GalateeMeunier@gustr.com,Countim,Ateix2Eig,01.64.24.34.78,33,8/24/1983,"Tower Records",DaycareOpenings.fr
81,male,French,Mr.,Guerin,G,Bondy,"2 Rue du Palais",ERMONT,IL,Île-de-France,95120,FR,France,GuerinBondy@einrot.com,Chaning,tooy6Gaghou,01.61.10.06.46,33,11/23/1965,Libera,TrustApproval.fr
82,female,French,Ms.,Villette,É,Vallée,"10 rue du Gue Jacquet",CHÂTEAUROUX,CE,Centre,36000,FR,France,VilletteVallee@gustr.com,Afess1994,oquieP4oo,02.55.28.37.32,33,5/22/1994,"Hughes Markets",CleaningFeet.fr
83,male,French,Mr.,Gilbert,R,Guertin,"53 Chemin Des Bateliers",ANGERS,PL,"Pays de la Loire",49000,FR,France,GilbertGuertin@jourrapide.com,Inglast1988,Viu0aixaech,02.36.87.60.20,33,5/4/1988,"Mostow Co.",PrivilegeJobs.fr

85,female,French,Ms.,Erembourg,F,Fecteau,"85 place de Miremont",VILLENEUVE-SUR-LOT,AQ,Aquitaine,47300,FR,France,ErembourgFecteau@dayrep.com,Penit1977,Kae4tokai3M,05.51.66.27.74,33,6/20/1977,"Record & Tape Outlet",ForeclosureMover.fr
86,male,French,Mr.,Archaimbau,D,Beaudouin,"39 rue Porte d'Orange",CENON,AQ,Aquitaine,33150,FR,France,ArchaimbauBeaudouin@gustr.com,Este1991,AiPhiez0t,05.90.62.77.13,33,12/21/1991,"Eden Lawn Service",ThursdayTV.fr
87,female,French,Mrs.,Henriette,B,Salmons,"72 Rue St Ferréol",METZ,LO,Lorraine,57050,FR,France,HenrietteSalmons@cuvox.de,Saimple,zaithe8Ai,03.90.41.31.32,33,5/15/1971,"Architectural Genie",TransportationGlobe.fr
88,male,French,Mr.,Julien,Y,Miron,"72 Avenue De Marlioz",ANTIBES,PA,"Provence-Alpes-Côte d'Azur",06600,FR,France,JulienMiron@cuvox.de,Comeneserse,heiph9PhoeB,04.16.67.12.13,33,6/19/1970,"Miller & Rhoads",MaternityConsultant.fr
89,female,French,Mrs.,Avril,A,Brodeur,"25 Place du Jeu de Paume",VIERZON,CE,Centre,18100,FR,France,AvrilBrodeur@jourrapide.com,Morefelied,poo3Vah0xu,02.38.10.19.42,33,7/30/1982,"Rogersound Labs",PortableShoes.fr
90,male,French,Mr.,Ogier,Z,Lagrange,"96 rue Ernest Renan",CHOISY-LE-ROI,IL,Île-de-France,94600,FR,France,OgierLagrange@rhyta.com,Hencerel,wohjaeNg7,01.75.63.45.06,33,7/12/1966,"Asian Junction",FriendLock.fr
91,female,French,Ms.,Caroline,D,Frappier,"71 rue des lieutemants Thomazo",DOLE,FC,Franche-Comté,39100,FR,France,CarolineFrappier@gustr.com,Minman,EiZ9vee9,03.59.91.46.31,33,5/17/1961,"Castle Realty",MajorBall.fr
92,male,French,Mr.,Aleron,A,Mothé,"47 Chemin Du Lavarin Sud",CALAIS,NP,Nord-Pas-de-Calais,62100,FR,France,AleronMothe@superrito.com,Youltaid,EineiC8Umeep,03.34.56.99.41,33,8/16/1987,"Enviro Architectural Designs",GadgetOrder.fr
93,female,French,Ms.,Eulalie,E,Jolicoeur,"88 avenue de Provence",VALENCIENNES,NP,Nord-Pas-de-Calais,59300,FR,France,EulalieJolicoeur@jourrapide.com,Werly1958,Gu0pheemoo3Ch,03.89.84.35.17,33,9/27/1958,Sherman's,DatingSong.fr
94,female,French,Ms.,Parnella,R,Beauchesne,"10 rue Reine Elisabeth",METZ,LO,Lorraine,57000,FR,France,ParnellaBeauchesne@cuvox.de,Lompostathe1982,aisaiNg4,03.17.87.50.40,33,12/13/1982,"Ellman's Catalog Showrooms",HaveNeeds.fr
95,male,French,Mr.,Maslin,V,Labelle,"45 rue de Geneve",AMIENS,PI,Picardie,80090,FR,France,MaslinLabelle@superrito.com,Vaide1969,chi1Aizeeg,03.17.26.42.87,33,3/15/1969,"Your Future Is Now",InkBurn.fr
96,male,French,Mr.,Gaspar,B,Fluet,"49 rue Sadi Carnot",AUXERRE,BO,Bourgogne,89000,FR,France,GasparFluet@superrito.com,Froubeard,vooruCh1u,03.85.89.15.47,33,8/9/1976,"Computer City",ResellerZoo.fr

100,female,French,Ms.,Astrid,G,Norbert,"20 rue Sadi Carnot",AULNAY-SOUS-BOIS,IL,Île-de-France,93600,FR,France,AstridNorbert@fleckens.hu,Sturaccou,oona2Wee4m,01.87.01.24.06,33,11/24/1973,"Wilson's Jewelers",WrestlingManiac.fr
101,female,French,Mrs.,Elita,G,Méthot,"64 Avenue des Tuileries",HAGUENAU,AL,Alsace,67500,FR,France,ElitaMethot@cuvox.de,Babrivin,daechooF7Ol,03.48.35.76.30,33,1/20/1986,"Strategy Planner",MajorPeople.fr
102,female,French,Ms.,Roux,P,Chauvet,"30 rue de Lille",ATHIS-MONS,IL,Île-de-France,91200,FR,France,RouxChauvet@teleworm.us,Perepies,baeXiegh6Wai,01.03.19.75.57,33,7/11/1983,"Dream Home Improvements",CampusPods.fr
103,female,French,Ms.,Delmare,P,Trottier,"46 Faubourg Saint Honoré",PARIS,IL,Île-de-France,75018,FR,France,DelmareTrottier@fleckens.hu,Hintud,ein1bi7Ru8zai,01.24.13.77.92,33,6/22/1993,"All Wound Up",LeisureDecor.fr
104,female,French,Ms.,,"4 rue Reine Elisabeth",METZ,LO,Lorraine,57000,FR,France,MarjolaineProulx@teleworm.us,Maings,je9Eer0quu,03.23.77.71.37,33,11/22/1960,"Security Sporting Goods",CardPacket.fr
105,female,French,Mrs.,Cinderella,J,Gagnon,"89 Chemin des Bateliers",ALBI,MP,Midi-Pyrénées,81000,FR,France,CinderellaGagnon@gustr.com,Twonver,cee7Jei7koo,05.32.39.48.83,33,8/31/1989,Packer,BroadwayMovies.fr
106,female,French,Ms.,Caresse,W,Monty,"83 rue du Clair Bocage","LA SEYNE-SUR-MER",PA,"Provence-Alpes-Côte d'Azur",83500,FR,France,CaresseMonty@dayrep.com,Yessund,Ed0mohbex,04.40.45.64.37,33,12/3/1988,Erlebacher's,MonthlyTracker.fr

110,female,French,Ms.,Corette,G,Lauzier,"42 rue Gouin de Beauchesne",SAINT-MICHEL-SUR-ORGE,IL,Île-de-France,91240,FR,France,CoretteLauzier@teleworm.us,Pockina,aik1Wi5ohw,01.87.45.98.17,33,7/26/1962,"Rolling Thunder",Soliddiet.fr
112,female,French,Ms.,Fauna,A,Savoie,"18 Rue du Palais",ÉPERNAY,CA,Champagne-Ardenne,51200,FR,France,FaunaSavoie@armyspy.com,Alaust,ao0xooM9ai,03.46.14.09.34,33,5/10/1982,Zantigo,BasicButtons.fr
113,male,French,Mr.,Leverett,H,Demers,"21 rue Cazade",DRAVEIL,IL,Île-de-France,91210,FR,France,LeverettDemers@armyspy.com,Anneve,eiviu8Rai,01.52.60.85.73,33,10/30/1968,"Electric Avenue",BashBlog.fr
116,male,French,Dr.,Parfait,C,Gougeon,"58 boulevard de la Liberation",MARSEILLE,PA,"Provence-Alpes-Côte d'Azur",13014,FR,France,ParfaitGougeon@cuvox.de,Saking,zaeDoh0koo8,04.38.40.55.68,33,4/23/1993,"Liberty Wealth Planner",NannyNetworking.fr
120,female,French,Mrs.,Germaine,H,Trudeau,"57 rue Isambard",FOUGÈRES,BR,Bretagne,35300,FR,France,GermaineTrudeau@armyspy.com,Whory1976,aeFuu1Is3,02.76.24.77.05,33,6/23/1976,"Paul Harris",NameMovies.fr
121,male,French,Mr.,Warrane,A,Fortin,"11 rue Beauvau",MARSEILLE,PA,"Provence-Alpes-Côte d'Azur",13001,FR,France,WarraneFortin@armyspy.com,Ribut1995,aec7aeYeeph,04.38.84.17.83,33,10/8/1995,"American Wholesale Club",LeftUsa.fr
122,female,French,Mrs.,Joy,N,Benjamin,"5 rue de Lille",ARRAS,NP,Nord-Pas-de-Calais,62000,FR,France,JoyBenjamin@teleworm.us,Blaint60,Phijingaec5,03.05.26.32.24,33,4/30/1960,"Realty Zone",LocalLots.fr
124,female,French,Mrs.,Elita,E,Artois,"57 rue de la Mare aux Carats",MONTPELLIER,LN,Languedoc-Roussillon,34080,FR,France,ElitaArtois@fleckens.hu,Scioneir,AiS9AhGei2,04.01.43.91.27,33,1/13/1992,"Exact Realty",SnowEngine.fr
126,female,French,Ms.,Didiane,G,Beauchamp,"25 Place de la Madeleine",PARIS,IL,Île-de-France,75011,FR,France,DidianeBeauchamp@fleckens.hu,Gaidge,eewaep6Eicah,01.09.81.25.72,33,8/25/1978,FamilyMart,DoubleMassage.fr
127,male,French,Dr.,Chappell,D,Pelland,"40 rue de Geneve",AMIENS,PI,Picardie,80090,FR,France,ChappellPelland@jourrapide.com,Thamot84,Aye3aosaeki,03.85.60.61.75,33,11/14/1984,"Price Club",InternationalStorm.fr
129,female,French,Mrs.,Trinette,M,Marseau,"99 quai Saint-Nicolas",TOULOUSE,MP,Midi-Pyrénées,31500,FR,France,TrinetteMarseau@dayrep.com,Antence,neetha4Phoh,05.90.68.73.82,33,6/23/1967,"Kinney Shoes",PaintingConvention.fr
133,female,French,Ms.,Dixie,I,Lachapelle,"88 avenue Jean Portalis",TROYES,CA,Champagne-Ardenne,10000,FR,France,DixieLachapelle@teleworm.us,Forgual,Quaekah4gee,03.27.19.55.92,33,7/13/1984,"Childs Restaurants",SeeHamburg.fr
135,male,French,Mr.,Gradasso,L,D'Aubigné,"92 Avenue De Marlioz",ANNEMASSE,RA,Rhône-Alpes,74100,FR,France,GradassoDAubigne@einrot.com,Themakfal,uatha9Eesh,04.55.94.26.08,33,1/1/1976,Capitalcorp,EasterChat.fr
136,female,French,Ms.,Lirienne,A,Loiselle,"21 rue des Dunes",SAINT-MAUR-DES-FOSSÈS,IL,Île-de-France,94100,FR,France,LirienneLoiselle@dayrep.com,Upoctin,bei8Ep3eiqu,01.84.67.79.45,33,8/15/1986,"Aaronson Furniture",UniversalWipes.fr
137,female,French,Ms.,Blanchefle,J,Artois,"45 rue Saint Germain",GARGES-LÈS-GONESSE,IL,Île-de-France,95140,FR,France,BlanchefleArtois@jourrapide.com,Mostases,aePheich7Kie,01.08.17.65.71,33,5/31/1988,"Play Town",JukeBoxWizard.fr
140,female,French,Mrs.,Ermengardi,C,Brasseur,"86 rue de la Boétie",POINTE-À-PITRE,GD,Guadeloupe,97110,FR,France,ErmengardiBrasseur@armyspy.com,Sonew1984,Fai3Ee0Ai,05.01.12.26.51,33,8/31/1984,McDade's,HurricaneAlarm.fr
141,female,French,Ms.,Eglantine,G,Aubin,"74 rue des six frères Ruellan",SALON-DE-PROVENCE,PA,"Provence-Alpes-Côte d'Azur",13300,FR,France,EglantineAubin@rhyta.com,Jusbache,Atoohee0ieg,04.98.01.24.77,33,5/25/1971,"Custom Lawn Service",WebcamDiary.fr
147,female,French,Mrs.,Fayette,P,Charlesbois,"36 Avenue De Marlioz",ANTONY,IL,Île-de-France,92160,FR,France,FayetteCharlesbois@cuvox.de,Asithavelf72,ca3ahNg6,01.50.92.20.70,33,3/29/1972,"Computer City",TreeYard.fr
148,male,French,Mr.,Somerville,A,Trudeau,"51 rue Bonneterie",MONTAUBAN,MP,Midi-Pyrénées,82000,FR,France,SomervilleTrudeau@gustr.com,Phre1978,Quae1oi7,05.57.22.31.78,33,12/9/1978,"Plan Smart Partner",SteamDeals.fr
152,male,French,Mr.,Aymon,F,Cormier,"64 rue du Fossé des Tanneurs",TOULON,PA,"Provence-Alpes-Côte d'Azur",83000,FR,France,AymonCormier@einrot.com,Thoubjeside,reithei4ioSh,04.73.55.93.98,33,11/9/1975,"Star Interior Design",GolfCanyon.fr
155,female,French,Mrs.,Belisarda,C,Arsenault,"55 route de Lyon",IVRY-SUR-SEINE,IL,Île-de-France,94200,FR,France,BelisardaArsenault@armyspy.com,Giveseetion1962,eese2eeZae,01.32.74.15.57,33,10/30/1962,"Poore Simon's",SpeedMessaging.fr
156,female,French,Mrs.,Mignonette,W,Mailly,"97 avenue de Provence",VALENCE,RA,Rhône-Alpes,26000,FR,France,MignonetteMailly@superrito.com,Withating,VeipaiH1too,04.51.35.94.43,33,6/11/1989,"National Tea",TemplateSeekers.fr
159,female,French,Ms.,Damiane,S,Parmentier,"63 Avenue Millies Lacroix",DUNKERQUE,NP,Nord-Pas-de-Calais,59640,FR,France,DamianeParmentier@dayrep.com,Pribits,iehoKi8ch,03.56.32.50.23,33,11/11/1965,Kleinhans,ChatTickets.fr
160,female,French,Ms.,Dalmace,R,Ménard,"66 rue du Gue Jacquet",CHÂTILLON,IL,Île-de-France,92320,FR,France,DalmaceMenard@superrito.com,Contery,oqui0Quosoo,01.03.80.36.72,33,10/19/1989,"One-Up Realtors",SlotCredits.fr
163,male,French,Mr.,Vachel,M,Laprise,"16 rue des Coudriers",MONT-SAINT-AIGNAN,HN,Haute-Normandie,76130,FR,France,VachelLaprise@superrito.com,Temond,oosee3Lah,02.56.20.43.16,33,1/29/1978,"Weenie Beenie",ChemicalAttorney.fr
164,female,French,Mrs.,Diane,A,Courcelle,"2 Rue Bonnet",VITRY-SUR-SEINE,IL,Île-de-France,94400,FR,France,DianeCourcelle@einrot.com,Wayied,Foo6pahT1,01.49.59.56.94,33,7/25/1983,"Platinum Interior Design",StagedNews.fr
168,male,French,Mr.,Courtland,D,Labonté,"61 rue de Groussay",ROMAINVILLE,IL,Île-de-France,93230,FR,France,CourtlandLabonte@teleworm.us,Copria,eebohY9hahp,01.49.68.77.10,33,7/13/1986,Stratabiz,PilotPositions.fr
170,male,French,Mr.,Odo,F,Patel,"49 Square de la Couronne",PALAISEAU,IL,Île-de-France,91120,FR,France,OdoPatel@fleckens.hu,Haloved,uushoSii4e,01.00.24.23.51,33,12/20/1962,"Solid Future",Hollyguns.fr
171,male,French,Mr.,Paien,Y,Gamelin,"6 Rue Marie De Médicis",CARCASSONNE,LN,Languedoc-Roussillon,11000,FR,France,PaienGamelin@superrito.com,Gribladeen,ailoNai9moogh,04.21.46.59.55,33,6/29/1965,Macroserve,ForwardYour.fr
176,male,French,Mr.,Mercer,A,Rouleau,"64 rue Sébastopol",SAINTES,PC,Poitou-Charentes,17100,FR,France,MercerRouleau@superrito.com,Meens1961,ieN7ooqu4eNi,05.38.44.02.82,33,1/19/1961,"Roadhouse Grill",LogoArchives.fr
177,female,French,Mrs.,Susanne,D,Ruest,"59 avenue Voltaire",MALAKOFF,IL,Île-de-France,92240,FR,France,SusanneRuest@superrito.com,Havor1988,Vohrei9v,01.25.43.92.70,33,11/23/1988,Playworld,CaracasNightclub.fr
178,female,French,Ms.,Cosette,R,Marcoux,"57 avenue Jean Portalis",TREMBLAY-EN-FRANCE,IL,Île-de-France,93290,FR,France,CosetteMarcoux@armyspy.com,Infle1995,ee1Aeg1yai,01.77.75.38.67,33,8/30/1995,"Golden's Distributors",PokerIdiot.fr
180,male,French,Mr.,Mandel,M,Chnadonnet,"47 Faubourg Saint Honoré",PARIS,IL,Île-de-France,75020,FR,France,MandelChnadonnet@einrot.com,Buithe71,eeD3da7Jai,01.13.87.71.66,33,10/27/1971,Hechinger,ToyInspections.fr
181,female,French,Ms.,Patricia,P,Raymond,"59 avenue Jean Portalis",TROYES,CA,Champagne-Ardenne,10000,FR,France,PatriciaRaymond@superrito.com,Begg1989,eethieth6Ohw3,03.67.93.36.37,33,11/7/1989,"Xray Eye & Vision Clinics",TruckOr.fr
182,male,French,Mr.,Senior,C,Pellerin,"90 rue Pierre De Coubertin",TOULOUSE,MP,Midi-Pyrénées,31100,FR,France,SeniorPellerin@einrot.com,Aely1959,aev4Zeiyang,05.85.00.17.73,33,4/29/1959,Netaid,FanBargains.fr
183,male,French,Mr.,Verrill,N,Pomerleau,"88 avenue Jean Portalis",TOURS,CE,Centre,37200,FR,France,VerrillPomerleau@cuvox.de,Thering,siv8Ez2aish,02.46.29.19.57,33,2/21/1987,"Omni Realty",ThousandTimes.fr
184,male,French,Mr.,Parfait,D,Chouinard,"39 rue de Raymond Poincaré",NANTES,PL,"Pays de la Loire",44200,FR,France,ParfaitChouinard@teleworm.us,Owers1973,eenieDe9,02.64.18.59.05,33,3/16/1973,"Road Runner Lawn Services",FurnitureQuarters.fr
185,female,French,Ms.,Ambra,R,Loiselle,"92 place Stanislas",NANCY,LO,Lorraine,54100,FR,France,AmbraLoiselle@jourrapide.com,Racerfored,Gazae7Aov,03.78.60.53.53,33,1/7/1961,"Wells & Wade",CompPlans.fr
186,male,French,Mr.,Mason,R,Rhéaume,"36 Rue de Verdun",MONTCEAU-LES-MINES,BO,Bourgogne,71300,FR,France,MasonRheaume@superrito.com,Brall1977,chiedoo0aeX,03.87.24.07.45,33,6/13/1977,"Envirotecture Design",LawnPlex.fr
187,female,French,Mrs.,Noémi,F,Pichette,"3 Avenue des Tuileries",GUYANCOURT,IL,Île-de-France,78280,FR,France,NoemiPichette@armyspy.com,Diven1994,wuNa5unai,01.51.72.64.16,33,6/1/1994,"Old America Stores",ShapeHeads.fr
188,female,French,Ms.,Christiane,M,Poulin,"48 Rue du Limas",BAYONNE,AQ,Aquitaine,64100,FR,France,ChristianePoulin@rhyta.com,Boyetled,Pe6yoolai,05.72.79.55.73,33,1/22/1987,Martin's,ArmCover.fr
189,male,French,Mr.,Vachel,M,Beausoleil,"61 rue Adolphe Wurtz","LE ROBERT",MQ,Martinique,97231,FR,France,VachelBeausoleil@jourrapide.com,Rhin1986,Mah6thaib,05.47.89.88.06,33,3/4/1986,"Pak and Save",WinningRates.fr
190,male,French,Mr.,Fortun,A,Veronneau,"72 rue Victor Hugo",CORBEIL-ESSONNES,IL,Île-de-France,91100,FR,France,FortunVeronneau@rhyta.com,Throaked,eeQu8oa1T,01.28.35.39.56,33,9/1/1963,Orion,MassVoice.fr
191,male,French,Mr.,,"59 Place du Jeu de Paume",VILLEFRANCHE-SUR-SAÔNE,RA,Rhône-Alpes,69400,FR,France,HenryCharbonneau@gustr.com,Guried,go4weenooJ,04.47.21.59.78,33,8/25/1990,"Cloth World",MobileTonight.fr
192,female,French,Mrs.,Patience,P,Charbonneau,"71 rue Descartes",SUCY-EN-BRIE,IL,Île-de-France,94370,FR,France,PatienceCharbonneau@jourrapide.com,Buits1959,hahS7Yeitah,01.41.71.23.19,33,10/27/1959,"David Weis",PoloTalk.fr
193,male,French,Mr.,Hugh,I,Turgeon,"57 rue de la Mare aux Carats",MONTREUIL,IL,Île-de-France,93100,FR,France,HughTurgeon@armyspy.com,Pregst,pheal4Eemai,01.61.03.41.98,33,4/25/1995,Schweggmanns,EthanolGel.fr
194,female,French,Mrs.,Édith,M,Ouellet,"31 rue Saint Germain",GAP,PA,"Provence-Alpes-Côte d'Azur",05000,FR,France,EdithOuellet@teleworm.us,Diand1991,theiJ2tah,04.94.49.95.28,33,8/12/1991,"Farrell's Ice Cream Parlour",MathTeams.fr
195,male,French,Mr.,Chappell,M,Bois,"60 rue de l'Epeule",ROUEN,HN,Haute-Normandie,76000,FR,France,ChappellBois@armyspy.com,Whosecter,paeWer4hah,02.15.62.88.62,33,4/21/1999,"Nickerson Farms",TopDesert.fr
196,female,French,Ms.,Mirabelle,A,Pinneau,"57 rue Gontier-Patin",AIX-EN-PROVENCE,PA,"Provence-Alpes-Côte d'Azur",13100,FR,France,MirabellePinneau@einrot.com,Yesiging,Epiotei1,04.82.25.85.10,33,12/20/1976,"Handy Dan",BeachActivity.fr
197,male,French,Mr.,Bernard,J,Pariseau,"85 rue Grande Fusterie",BRUAY-LA-BUISSIÈRE,NP,Nord-Pas-de-Calais,62700,FR,France,BernardPariseau@rhyta.com,Miletalos,Zophiew3,02.20.95.04.90,33,9/27/1964,"Platinum Interior Design",BuyLogix.fr
198,male,French,Mr.,,"84 rue du Fossé des Tanneurs",TOULON,PA,"Provence-Alpes-Côte d'Azur",83100,FR,France,OctaveBlanc@einrot.com,Loat1972,aiShai1xee,04.01.25.27.10,33,3/20/1972,Gamble-Skogmo,TechnicalTV.fr
199,female,French,Mrs.,Fleur,A,Monjeau,"93 avenue de Bouvines",SENS,BO,Bourgogne,89100,FR,France,FleurMonjeau@jourrapide.com,Easoll81,ohbooS9mah,03.99.14.21.19,33,6/19/1981,"Record & Tape Outlet",WifiKeyboard.fr
200,male,French,Mr.,Rabican,M,Simard,"21 cours Franklin Roosevelt",MARSEILLE,PA,"Provence-Alpes-Côte d'Azur",13009,FR,France,RabicanSimard@dayrep.com,Allone,Phohb9ifoh,04.41.75.96.55,33,7/10/1992,"Better Business Ideas and Services",PullStraws.fr
202,female,French,Mrs.,Adèle,K,Charlebois,"10 rue du Faubourg National",TARBES,MP,Midi-Pyrénées,65000,FR,France,AdeleCharlebois@superrito.com,Jull1970,ro7Aic4meu,05.41.69.46.02,33,12/1/1970,"Media Play",TempMobile.fr
203,female,French,Ms.,Sabine,C,Poisson,"99 place Stanislas",NANTERRE,IL,Île-de-France,92000,FR,France,SabinePoisson@jourrapide.com,Frover1984,Ec4thae9yae,01.24.76.62.10,33,10/4/1984,Choices,ScrapbookDecorations.fr
204,female,French,Ms.,Emmanuelle,S,Fouquet,"42 avenue Jules Ferry",SIX-FOURS-LES-PLAGES,PA,"Provence-Alpes-Côte d'Azur",83140,FR,France,EmmanuelleFouquet@fleckens.hu,Coor1991,aThi5Rahcoh,04.49.45.53.84,33,1/18/1991,Adaptas,TheWarfare.fr
205,male,French,Mr.,Somerville,N,Leblanc,"77 Rue Marie De Médicis",CAMBRAI,NP,Nord-Pas-de-Calais,59400,FR,France,SomervilleLeblanc@gustr.com,Affeentogy,Joac3nuriegh,03.23.95.21.03,33,11/13/1967,"Lionel Playworld",AbsolutelyGenuine.fr
206,male,French,Mr.,Tearlach,L,Belisle,"44 rue Charles Corbeau",FLEURY-LES-AUBRAIS,CE,Centre,45400,FR,France,TearlachBelisle@superrito.com,Trathem,phoo7Aeth,02.12.21.28.40,33,2/17/1981,"Reliable Guidance",FasterBlogs.fr
207,female,French,Ms.,Marcelle,Y,Henrichon,"38 rue Marguerite",VIRY-CHÂTILLON,IL,Île-de-France,91170,FR,France,MarcelleHenrichon@dayrep.com,Lareed1997,zoos4eaNgee,01.83.75.21.73,33,2/4/1997,"Star Merchant Services",LandscapingLounge.fr
208,male,French,Mr.,Michel,C,Bériault,"36 Square de la Couronne",PARIS,IL,Île-de-France,75001,FR,France,MichelBeriault@einrot.com,Abight1990,mi6oC7xeeP,01.49.55.92.73,33,1/12/1990,"Handy Dan",Lipville.fr
209,male,French,Mr.,Orville,N,Moïse,"49 rue Saint Germain",GIF-SUR-YVETTE,IL,Île-de-France,91190,FR,France,OrvilleMoise@jourrapide.com,Chousion,eer3Aedu,01.98.67.53.66,33,9/8/1993,Rickel,Raville.fr
210,male,French,Mr.,Zacharie,P,Fortier,"42 rue du Fossé des Tanneurs",THONON-LES-BAINS,RA,Rhône-Alpes,74200,FR,France,ZacharieFortier@einrot.com,Thands,iepaew1Ri6Ee,04.22.81.16.39,33,10/24/1990,"Wickes Furniture",BrandTips.fr
211,male,French,Mr.,Lowell,F,Labrie,"19 avenue de Bouvines",SÈTE,LN,Languedoc-Roussillon,34200,FR,France,LowellLabrie@superrito.com,Shaverves,Rej5lut4Zo,04.36.53.20.06,33,5/4/1968,"Eagle Food Centers",MagicInformation.fr
212,male,French,Mr.,Hugues,P,Bonsaint,"32 boulevard de la Liberation",MARSEILLE,PA,"Provence-Alpes-Côte d'Azur",13013,FR,France,HuguesBonsaint@gustr.com,Hadeare1983,na3Taeheine,04.74.18.27.76,33,5/18/1983,Terra,SatelliteReader.fr
213,female,French,Ms.,Georgette,B,Jolicoeur,"36 boulevard Albin Durand",CHALON-SUR-SAÔNE,BO,Bourgogne,71100,FR,France,GeorgetteJolicoeur@rhyta.com,Whelving,chius4oCh,03.54.56.75.95,33,10/2/1996,"Kessel Food Market",PensionWorkers.fr
214,female,French,Mrs.,Millicent,C,Alexandre,"24 rue Descartes",STRASBOURG,AL,Alsace,67000,FR,France,MillicentAlexandre@cuvox.de,Nexperms69,MaeRee4nee8,03.82.67.99.11,33,3/8/1969,"The Original House of Pies",CarInsuranceLive.fr
215,male,French,Mr.,Ogier,E,Brunelle,"89 Place Charles de Gaulle",VILLENEUVE-D'ASCQ,NP,Nord-Pas-de-Calais,59650,FR,France,OgierBrunelle@superrito.com,Asithavelf,Kiso1quoo,03.15.71.89.02,33,8/7/1988,Monit,InsuranceSquad.fr
217,female,French,Ms.,Cendrillon,T,Deblois,"63 rue Petite Fusterie",BOURGOIN-JALLIEU,RA,Rhône-Alpes,38300,FR,France,CendrillonDeblois@dayrep.com,Fortent,Quic4uo5yie2,04.77.71.81.96,33,8/31/1976,Adaptaz,ChildGaming.fr
218,male,French,Mr.,Vaden,M,Morneau,"77 rue du Gue Jacquet",CHÂTEAUROUX,CE,Centre,36000,FR,France,VadenMorneau@einrot.com,Crinteme,ahngeeF1pho3,02.79.46.36.39,33,9/6/1997,"Courtesy Hardware Store",OnDemandTracking.fr
219,male,French,Mr.,Leverett,K,Fréchette,"84 place Maurice-Charretier",CHAMPS-SUR-MARNE,IL,Île-de-France,77420,FR,France,LeverettFrechette@fleckens.hu,Thervill1978,Wiuz5iepieyee,01.25.70.05.48,33,12/10/1978,"Shoe Kicks",TrialPasswords.fr
220,female,French,Mrs.,Etoile,C,Baril,"67 quai Saint-Nicolas",TOURNEFEUILLE,MP,Midi-Pyrénées,31170,FR,France,EtoileBaril@jourrapide.com,Tace1965,oSahphoo0uri,05.86.46.51.83,33,3/21/1965,"Boys Markets",GetTimes.fr
221,female,French,Ms.,Xavierre,M,Louis,"93 Rue du Palais",ÉTAMPES,IL,Île-de-France,91150,FR,France,XavierreLouis@jourrapide.com,Bentarast,ohhah1Ow0,01.76.78.22.84,33,1/14/1963,Newhair,TrendArchive.fr
222,female,French,Ms.,Vedette,A,Senneville,"68 rue de la Hulotais",SAINT-POL-SUR-MER,NP,Nord-Pas-de-Calais,59430,FR,France,VedetteSenneville@rhyta.com,Solkill,ighaeP1dai,03.59.86.66.13,33,4/4/1982,"Edge Garden Services",WalkingTool.fr
223,female,French,Ms.,Luce,Y,Duclos,"11 boulevard de la Liberation",MARSEILLE,PA,"Provence-Alpes-Côte d'Azur",13012,FR,France,LuceDuclos@jourrapide.com,Voine1964,Ea7haic7,04.61.81.25.65,33,11/18/1964,Adray,SoyStores.fr
224,female,French,Mrs.,Christine,H,Létourneau,"1 rue du Fossé des Tanneurs",THONON-LES-BAINS,RA,Rhône-Alpes,74200,FR,France,ChristineLetourneau@jourrapide.com,Brerefrommen,ChaK7oowee,04.67.91.23.57,33,11/21/1961,"Specialty Restaurant Group",GreenDessert.fr
225,female,French,Ms.,Albracca,A,Marchesseault,"27 rue des Coudriers",MURET,MP,Midi-Pyrénées,31600,FR,France,AlbraccaMarchesseault@jourrapide.com,Drusectur,mie6vezohGh,05.65.27.63.84,33,1/1/1968,"Mission Realty",OccupyVictory.fr
226,female,French,Ms.,Manon,A,Hébert,"75 Rue Bonnet",WATTRELOS,NP,Nord-Pas-de-Calais,59150,FR,France,ManonHebert@jourrapide.com,Thermor,Iongoh6Kei,03.61.74.33.07,33,9/12/1987,"Electronics Source",TVRule.fr
227,female,French,Mrs.,Adrienne,P,Robitaille,"15 rue Saint Germain",GAP,PA,"Provence-Alpes-Côte d'Azur",05000,FR,France,AdrienneRobitaille@cuvox.de,Buttim,vatie4IeG,04.36.05.78.61,33,11/27/1990,"Superior Interior Design",GreenSettings.fr
228,female,French,Dr.,Yvette,F,Parenteau,"4 rue Gontier-Patin",AIX-EN-PROVENCE,PA,"Provence-Alpes-Côte d'Azur",13090,FR,France,YvetteParenteau@superrito.com,Saimanch,siuGheik0Iy,04.04.50.65.65,33,8/13/1970,"Henry's Hamburgers",GamingRetreat.fr
229,female,French,Mrs.,Zoé,D,Louis,"55 rue de Groussay",ROMANS-SUR-ISÈRE,RA,Rhône-Alpes,26100,FR,France,ZoeLouis@armyspy.com,Camem1991,ChieGhic6ai,04.11.27.21.84,33,8/20/1991,"York Steak House",MarathonKit.fr
230,male,French,Mr.,Quincy,L,Mailhot,"18 avenue de l'Amandier",BORDEAUX,AQ,Aquitaine,33000,FR,France,QuincyMailhot@rhyta.com,Burprostich,eth8aWiro,05.44.18.69.59,33,2/22/1998,"Belle Ladi",WirelessAlley.fr
231,male,French,Mr.,Sennet,H,Davignon,"98 rue du Faubourg National",TAVERNY,IL,Île-de-France,95150,FR,France,SennetDavignon@teleworm.us,Horer1978,pha8Iefeo8U,01.57.38.11.94,33,2/21/1978,"Independent Wealth Management",OpenProtection.fr
232,female,French,Ms.,Céline,B,Bourassa,"23 Rue du Palais",ÉTAMPES,IL,Île-de-France,91150,FR,France,CelineBourassa@einrot.com,Shapithe,Deem3ziegik,01.23.07.38.68,33,5/25/1980,"Prahject Planner",GlobalUpset.fr
233,male,French,Mr.,Adrien,É,Charlebois,"60 Chemin Challet",LILLE,NP,Nord-Pas-de-Calais,59000,FR,France,AdrienCharlebois@gustr.com,Evisold99,Thiew6Aj,03.07.09.24.11,33,4/7/1999,"Carter's Foods",HumanityWorkshop.fr
234,male,French,Mr.,Claude,F,D'Aoust,"86 rue Gontier-Patin",AIX-EN-PROVENCE,PA,"Provence-Alpes-Côte d'Azur",13090,FR,France,ClaudeDAoust@armyspy.com,Waskintionly,eagh2ru6Zei,04.36.97.61.10,33,9/12/1997,Grossman's,WirelessSeat.fr
235,male,French,Mr.,Royden,N,Courcelle,"52 rue Gontier-Patin",ABBEVILLE,PI,Picardie,80100,FR,France,RoydenCourcelle@dayrep.com,Widefirearm,oow4Uthoh,03.51.39.15.25,33,1/16/1960,"Plan Future",LinkFail.fr
236,male,French,Mr.,Donatien,A,Foucault,"76 rue Charles Corbeau",ÉVRY,IL,Île-de-France,91000,FR,France,DonatienFoucault@rhyta.com,Fighthe,ohy7Oob8Ohyoo,01.50.40.32.06,33,7/12/1971,"Affinity Investment Group",AnalystBot.fr
237,female,French,Ms.,Agnès,R,Bonsaint,"33 rue de la Boétie",PLAISIR,IL,Île-de-France,78370,FR,France,AgnesBonsaint@rhyta.com,Nammagay,iegiH4Hohvah,01.53.67.70.02,33,7/3/1991,"Earthworks Yard Maintenance",GradReview.fr
238,male,French,Mr.,Grégoire,Z,Barjavel,"91 Rue Joseph Vernet",BAGNEUX,IL,Île-de-France,92220,FR,France,GregoireBarjavel@armyspy.com,Staket,oighah2Oh,01.47.05.78.07,33,8/3/1984,"Soul Sounds Unlimited",StudentSessions.fr
239,female,French,Ms.,Methena,M,Chnadonnet,"42 avenue Jules Ferry",SOTTEVILLE-LÈS-ROUEN,HN,Haute-Normandie,76300,FR,France,MethenaChnadonnet@cuvox.de,Whingle,deeboNg6,02.29.14.53.90,33,6/25/1997,"Town and Country Convenience Stores",AffordableVaccines.fr
240,male,French,Mr.,Avenall,C,Courtois,"62 rue Pierre De Coubertin",TOULOUSE,MP,Midi-Pyrénées,31100,FR,France,AvenallCourtois@rhyta.com,Nupich90,ja3Eim4ief,05.47.26.10.26,33,2/16/1990,"Universo Realtors",ExpenseCoverage.fr
241,male,French,Dr.,Landers,F,Villeneuve,"73 Avenue des Tuileries",GUÉRET,LI,Limousin,23000,FR,France,LandersVilleneuve@einrot.com,Xyle1978,zohf1yo8Eim,05.06.65.72.85,33,7/20/1978,HomeBase,RecyclingBulbs.fr
242,male,French,Dr.,Emmanuel,A,Poissonnier,"25 Place Charles de Gaulle",VILLENEUVE-D'ASCQ,NP,Nord-Pas-de-Calais,59650,FR,France,EmmanuelPoissonnier@armyspy.com,Whount80,phaiHai6po,03.30.65.22.89,33,12/5/1980,"Life's Gold",ArmorJacket.fr
243,male,French,Mr.,Jean,F,Veilleux,"44 rue Victor Hugo",CONCARNEAU,BR,Bretagne,29900,FR,France,JeanVeilleux@gustr.com,Spon1971,OoCe7Oan,02.88.16.86.16,33,8/31/1971,"Circus World",ProspectTalk.fr
244,female,French,Mrs.,Philippine,F,Bourdette,"29 boulevard Albin Durand",CHALON-SUR-SAÔNE,BO,Bourgogne,71100,FR,France,PhilippineBourdette@dayrep.com,Hiles1979,ohd4MeiH9ce,03.34.13.29.19,33,8/29/1979,Isaly's,LoungeHead.fr
245,female,French,Ms.,Cerise,J,Lafontaine,"26 rue Léon Dierx",LISIEUX,BN,Basse-Normandie,14100,FR,France,CeriseLafontaine@armyspy.com,Prive1965,jood8Shah7,02.56.90.81.74,33,9/10/1965,"Wilson's Jewelers",MobileLobby.fr
246,female,French,Ms.,Eloise,C,Routhier,"13 rue Adolphe Wurtz","LE PETIT-QUEVILLY",HN,Haute-Normandie,76140,FR,France,EloiseRouthier@dayrep.com,Throok61,to9KaFei6,02.10.81.85.65,33,4/18/1961,"Advansed Teksyztems",TreasureDirectory.fr
247,female,French,Mrs.,Alacoque,L,Cressac,"82 Chemin Des Bateliers",ANGLET,AQ,Aquitaine,64600,FR,France,AlacoqueCressac@teleworm.us,Xxxxxis,xuG7juS0Th,05.72.24.74.63,33,1/26/1996,"The High Heelers",PackageNews.fr
248,male,French,Mr.,Parfait,A,Beaulieu,"6 Rue de Strasbourg",CLICHY,IL,Île-de-France,92110,FR,France,ParfaitBeaulieu@gustr.com,Sainglow,cahdon8ieZ,01.70.01.97.71,33,11/15/1958,"Avant Garde Appraisal Group",RetroStamps.fr
249,male,French,Mr.,Pinabel,G,Berger,"94 Place de la Madeleine",PARIS,IL,Île-de-France,75010,FR,France,PinabelBerger@teleworm.us,Rucesse78,Zeik2yaicie,01.71.19.29.34,33,7/13/1978,"Blue Boar Cafeterias",LargePlane.fr
250,female,French,Mrs.,Amorette,C,Collin,"73 Rue Frédéric Chopin",VERTOU,PL,"Pays de la Loire",44120,FR,France,AmoretteCollin@superrito.com,Hibed1990,ooKi0Fai,02.83.86.79.63,33,10/21/1990,"Handy City",TripAffiliate.fr
251,female,French,Mrs.,Claude,L,Chnadonnet,"80 rue Pierre Motte",SAINT-DIÉ,LO,Lorraine,88100,FR,France,ClaudeChnadonnet@cuvox.de,Rejoys,Dau7ieShie,03.22.52.74.87,33,7/15/1960,"Realty Zone",BlindWorkshop.fr
252,female,French,Mrs.,Laverne,R,Thibault,"25 boulevard Aristide Briand","LE CREUSOT",BO,Bourgogne,71200,FR,France,LaverneThibault@dayrep.com,Flaid1984,eex5eCh4Ah,03.33.87.26.49,33,9/22/1984,"AM/PM Camp",TypingCompany.fr
253,male,French,Mr.,Legget,C,Forest,"3 Avenue des Pr'es",MONTMORENCY,IL,Île-de-France,95160,FR,France,LeggetForest@gustr.com,Seuld1966,aeyie2Ahz9ah,01.13.02.43.97,33,10/6/1966,"Afforda Merchant Services",RidingBooks.fr
254,female,French,Mrs.,Agate,M,Plaisance,"27 rue des Soeurs","LA CELLE-SAINT-CLOUD",IL,Île-de-France,78170,FR,France,AgatePlaisance@superrito.com,Wharleas,Dongi5igoo1,01.22.43.97.22,33,6/12/1960,"Bold Ideas",MortgageShows.fr
255,female,French,Mrs.,Élise,M,Labossière,"76 rue Banaudon",LYON,RA,Rhône-Alpes,69007,FR,France,EliseLabossiere@jourrapide.com,Vaint1967,Yaih4Tich0d,04.47.69.44.23,33,1/24/1967,Adaptaz,TanningMethods.fr
256,male,French,Mr.,Donatien,I,Arpin,"35 place de Miremont",VILLENEUVE-LA-GARENNE,IL,Île-de-France,92390,FR,France,DonatienArpin@fleckens.hu,Lowere,chuV3shohch,01.37.50.15.54,33,8/18/1965,"Zephyr Investments",GroupLabor.fr
257,male,French,Mr.,Eliot,A,Grandbois,"60 Rue de Strasbourg",CLERMONT-FERRAND,AU,Auvergne,63100,FR,France,EliotGrandbois@teleworm.us,Trodforner,aFo4oFei,04.27.08.85.37,33,12/29/1990,"Gold Medal",OutletDen.fr
258,male,French,Mr.,Gaston,S,Bourgeau,"65 avenue Ferdinand de Lesseps",GRENOBLE,RA,Rhône-Alpes,38000,FR,France,GastonBourgeau@teleworm.us,Womell1997,EeCh3quir8,04.34.09.92.25,33,6/9/1997,"Exact Solutions",GotChow.fr
259,male,French,Mr.,Rémy,S,Jacques,"30 avenue Jules Ferry",SOTTEVILLE-LÈS-ROUEN,HN,Haute-Normandie,76300,FR,France,RemyJacques@cuvox.de,Wispereand,eis7heeBee,02.98.08.81.00,33,6/1/1977,"Rivera Property Maintenance",TrafficTruth.fr
260,female,French,Ms.,Angelette,H,LeBatelier,"28 Chemin Du Lavarin Sud",CAEN,BN,Basse-Normandie,14000,FR,France,AngeletteLeBatelier@gustr.com,Rower1996,ungeeCa7noo,02.04.61.46.17,33,12/10/1996,"American Appliance",MoldSearch.fr
261,male,French,Mr.,Gustave,D,Lussier,"38 rue du Clair Bocage","LA VALETTE-DU-VAR",PA,"Provence-Alpes-Côte d'Azur",83160,FR,France,GustaveLussier@superrito.com,Ithad1972,iab4aeHuD,04.18.37.21.09,33,9/30/1972,"Eagle Food Centers",JunkSecurities.fr
262,male,French,Mr.,Philip,L,Lefèbvre,"81 rue Saint Germain",GAGNY,IL,Île-de-France,93220,FR,France,PhilipLefebvre@teleworm.us,Anst1970,ova1eoNgoch,01.77.77.85.14,33,4/25/1970,Ulbrich's,EquityInsiders.fr
263,female,French,Ms.,Oriel,B,Austin,"5 rue Grande Fusterie",BRUAY-LA-BUISSIÈRE,NP,Nord-Pas-de-Calais,62700,FR,France,OrielAustin@teleworm.us,Emper1963,Bu5nicaitie,02.91.11.66.07,33,4/6/1963,"Crazy Eddie",LocalsWeather.fr
264,male,French,Mr.,Brice,D,LaCaille,"84 rue Léon Dierx",LIMOGES,LI,Limousin,87280,FR,France,BriceLaCaille@teleworm.us,Foruse1980,wooShei2z,05.12.30.54.64,33,3/3/1980,Weingarten's,TheJudgeRules.fr
265,male,French,Mr.,Artus,J,Côté,"23 Place Napoléon",LAON,PI,Picardie,02000,FR,France,ArtusCote@superrito.com,Fousteme,Bee2eechoh7,03.97.48.85.75,33,10/27/1985,"Parklane Hosiery",PestHotel.fr
266,female,French,Mrs.,Harriette,G,Auberjonois,"85 Avenue Millies Lacroix",ÉCHIROLLES,RA,Rhône-Alpes,38130,FR,France,HarrietteAuberjonois@teleworm.us,Muchis,oozoSh0neesh,04.95.58.66.82,33,5/7/1961,"Hollywood Video",PropaneSale.fr
267,female,French,Ms.,Fanette,M,Gregoire,"91 rue Saint Germain",GIF-SUR-YVETTE,IL,Île-de-France,91190,FR,France,FanetteGregoire@fleckens.hu,Uppong,AiGh2phu,01.50.95.83.78,33,9/12/1988,Strongbod,ToyActivity.fr
268,male,French,Mr.,Gilbert,H,Aucoin,"6 rue Beauvau",MARSEILLE,PA,"Provence-Alpes-Côte d'Azur",13005,FR,France,GilbertAucoin@dayrep.com,Hadvaid1988,vahX5Phee,04.13.13.82.60,33,5/13/1988,"Kragen Auto Parts",StemShare.fr
269,female,French,Mrs.,Sydney,N,Duperré,"47 rue du Faubourg National",THIONVILLE,LO,Lorraine,57100,FR,France,SydneyDuperre@cuvox.de,Shouressunt1995,vooQueek8ei,03.22.54.29.89,33,11/18/1995,"Pergament Home Centers",PCFeed.fr
270,female,French,Ms.,Amber,S,Provencher,"40 rue Petite Fusterie",BREST,BR,Bretagne,29200,FR,France,AmberProvencher@jourrapide.com,Rhatemet,foox5Eree,02.83.28.45.96,33,6/23/1977,"Larry's Markets",AlarmMail.fr
271,female,French,Mrs.,Garland,É,Daigneault,"53 rue Goya","LE PERREUX-SUR-MARNE",IL,Île-de-France,94170,FR,France,GarlandDaigneault@gustr.com,Givinter,Ahf9Eeph0m,01.50.31.17.51,33,2/24/1959,MagnaSolution,YellowRide.fr
272,female,French,Ms.,Falerina,Z,Dastous,"87 rue Reine Elisabeth",METZ,LO,Lorraine,57000,FR,France,FalerinaDastous@dayrep.com,Brated,eeDae9woobai,03.78.36.73.05,33,2/4/1995,"Landskip Yard Care",SelectDisc.fr
273,male,French,Mr.,Nicolas,C,Alexandre,"94 Chemin Challet",LILLE,NP,Nord-Pas-de-Calais,59000,FR,France,NicolasAlexandre@fleckens.hu,Sorephy1973,yaD2Aizie7,03.49.02.49.11,33,1/20/1973,"The Goose and Duck",RefillAlert.fr
274,female,French,Ms.,Caroline,G,Leclair,"87 Rue Bonnet",VITROLLES,PA,"Provence-Alpes-Côte d'Azur",13127,FR,France,CarolineLeclair@fleckens.hu,Bestinge,tahzooV1qu,04.55.85.20.72,33,9/3/1973,"Netcom Business Services",EugeneTravelAgency.fr
275,female,French,Mrs.,Antoinette,G,Achin,"63 rue des Coudriers",MURET,MP,Midi-Pyrénées,31600,FR,France,AntoinetteAchin@armyspy.com,Carold73,UYo4pou6Doh,05.97.96.83.16,33,1/30/1973,"Sun Foods",RadioActor.fr
276,male,French,Mr.,Honoré,L,Cousteau,"81 Rue Hubert de Lisle",LORIENT,BR,Bretagne,56100,FR,France,HonoreCousteau@teleworm.us,Buiting,Ohtas1gain,02.60.97.82.54,33,7/30/1989,"Realty Zone",FSBOHunter.fr
277,female,French,Dr.,Amber,B,Caisse,"60 rue de Penthièvre",PONTOISE,IL,Île-de-France,95000,FR,France,AmberCaisse@gustr.com,Hersend,Uishoos2ash,03.57.94.69.74,33,5/16/1996,"University Stereo",PowderBeer.fr
278,female,French,Mrs.,Esperanza,T,Baril,"49 rue de la Mare aux Carats",MONTPELLIER,LN,Languedoc-Roussillon,34070,FR,France,EsperanzaBaril@dayrep.com,Bribeired,Raic9Wo9,04.04.09.03.44,33,9/18/1998,"Yardbirds Home Center",LawRenewal.fr
279,male,French,Mr.,Louis,M,D'Aubigné,"21 Avenue des Pr'es",MONTIGNY-LÈS-METZ,LO,Lorraine,57158,FR,France,LouisDAubigne@einrot.com,Goon1962,Yooh3Ahph,03.79.00.20.48,33,10/18/1962,Luskin's,DustingSprays.fr
280,male,French,Mr.,Hugues,H,Caya,"61 rue Descartes",STRASBOURG,AL,Alsace,67200,FR,France,HuguesCaya@armyspy.com,Bours1965,Chath5laek,03.25.18.14.02,33,1/21/1965,"Twin Electronics",SwampPark.fr
281,female,French,Ms.,Calandre,A,Doucet,"51 rue Goya","LE MÉE-SUR-SEINE",IL,Île-de-France,77350,FR,France,CalandreDoucet@fleckens.hu,Murs1990,UeR2ui6uv4i,01.83.26.68.76,33,7/6/1990,"Borders Books",SatelliteRebate.fr
282,male,French,Mr.,Odo,D,Sorel,"53 Faubourg Saint Honoré",PARIS,IL,Île-de-France,75019,FR,France,OdoSorel@cuvox.de,Chumen,Ighah5xo2eiz,01.60.68.69.24,33,4/9/1978,"A+ Investments",SFCheap.fr
283,male,French,Mr.,Victor,A,Pouchard,"26 Rue Roussy",NOUMÉA,IL,Île-de-France,98800,FR,France,VictorPouchard@jourrapide.com,Eful1967,Ox3efo5Ah,03.30.29.25.83,33,7/25/1967,"The Great Train Stores",BoxDevelopers.fr
284,male,French,Mr.,Gauthier,M,Poulin,"74 Place de la Madeleine",PARIS,IL,Île-de-France,75011,FR,France,GauthierPoulin@teleworm.us,Doemped,Queejooth1,01.08.26.15.00,33,8/19/1984,Chatham,StockroomSale.fr
285,male,French,Mr.,Gaspar,V,L'Anglais,"2 rue Banaudon",LYON,RA,Rhône-Alpes,69006,FR,France,GasparLAnglais@teleworm.us,Maked1993,aebooxah3Ee,04.64.76.61.92,33,6/22/1993,"Gas Depot",AppraisalAnalyst.fr
286,male,French,Mr.,Merlin,P,Courcelle,"31 Rue Bonnet",VITRY-SUR-SEINE,IL,Île-de-France,94400,FR,France,MerlinCourcelle@rhyta.com,Suchic,Oojaerae8esh,01.02.38.24.39,33,3/10/1978,"Sky High Financial Advice",ConcreteSale.fr
287,male,French,Mr.,René,A,Audet,"10 rue du Château",SAINT-GERMAIN-EN-LAYE,IL,Île-de-France,78100,FR,France,ReneAudet@fleckens.hu,Witeasteme,Oonae1ashae,01.43.19.40.40,33,5/29/1988,"Dun Rite Lawn Maintenance",MetroNightclubs.fr
288,male,French,Mr.,Loring,J,Jodion,"85 cours Jean Jaures",BORDEAUX,AQ,Aquitaine,33200,FR,France,LoringJodion@superrito.com,Sublien,oLeiP5piek,05.69.09.34.32,33,6/6/1996,Adaptaz,GeoPricing.fr
289,male,French,Mr.,Cloridan,N,Gaillou,"79 rue Grande Fusterie",BRUAY-LA-BUISSIÈRE,NP,Nord-Pas-de-Calais,62700,FR,France,CloridanGaillou@jourrapide.com,Ladjecamis,PhaeBo2z,02.81.94.46.34,33,2/2/1966,"Paul's Food Mart",BlackjackGroup.fr
290,female,French,Mrs.,Brie,G,Hughes,"61 rue des Dunes",SAINT-MALO,BR,Bretagne,35400,FR,France,BrieHughes@rhyta.com,Soll1961,ielie2ooV,02.37.19.56.22,33,7/5/1961,"Great Clothes",StolenPurses.fr
291,male,French,Mr.,Bevis,J,Thibault,"75 Rue du Limas",BEAUNE,BO,Bourgogne,21200,FR,France,BevisThibault@fleckens.hu,Thisesiost63,cha3phah5A,03.31.91.57.05,33,6/18/1963,"Mission G",TextPublish.fr
292,female,French,Mrs.,Aubrette,A,Chesnay,"42 rue Michel Ange","LE HAVRE",HN,Haute-Normandie,76620,FR,France,AubretteChesnay@fleckens.hu,Pappok97,Gib4qui0o,02.57.76.51.46,33,3/26/1997,"Carrols Restaurant Group",InvestorNetWorth.fr
293,male,French,Mr.,Hugues,J,Sansouci,"61 rue de Penthièvre",PUTEAUX,IL,Île-de-France,92800,FR,France,HuguesSansouci@fleckens.hu,Wilovents1983,muab8veeX5im,01.85.82.13.17,33,6/5/1983,Stratapro,PicAlert.fr
294,female,French,Mrs.,Mavise,J,Duffet,"54 Rue Frédéric Chopin",VERTOU,PL,"Pays de la Loire",44120,FR,France,MaviseDuffet@teleworm.us,Rhisfor,Ooth7aeY,02.98.97.29.91,33,7/26/1959,"House Works",TubeCaptions.fr
295,male,French,Dr.,Bernard,J,Chartré,"98 boulevard Amiral Courbet",ORLÉANS,CE,Centre,45100,FR,France,BernardChartre@jourrapide.com,Oneten,uop1uGheiph,02.99.89.50.76,33,7/22/1959,AdventureSports!,SwapFavors.fr
296,female,French,Ms.,Gallia,S,Richard,"85 cours Franklin Roosevelt",MARSEILLE,PA,"Provence-Alpes-Côte d'Azur",13008,FR,France,GalliaRichard@einrot.com,Somidur,seengia6Nae,04.96.65.26.63,33,12/27/1970,"Security Sporting Goods",PromotionalReview.fr
297,male,French,Mr.,Seymour,J,Rancourt,"92 Chemin Des Bateliers",ANGOULÊME,PC,Poitou-Charentes,16000,FR,France,SeymourRancourt@fleckens.hu,Itted1996,Kaej8eov,05.09.85.11.48,33,1/1/1996,"Sofa Express",BlogBars.fr
298,male,French,Mr.,Langley,D,Beaudouin,"52 rue Pierre De Coubertin",TOULOUSE,MP,Midi-Pyrénées,31100,FR,France,LangleyBeaudouin@gustr.com,Kook1995,Eiph7peigh,05.54.57.59.78,33,7/31/1995,"Asian Junction",FinancialPolitics.fr
299,female,French,Mrs.,Edmee,H,Gaulin,"59 Place de la Gare",COLOMBES,IL,Île-de-France,92700,FR,France,EdmeeGaulin@rhyta.com,Purvile,Aiti3poot6o,01.31.83.90.81,33,8/21/1959,Titania,PCStylist.fr
300,female,French,Mrs.,Frédérique,R,Blanc,"65 rue Ernest Renan",CHOISY-LE-ROI,IL,Île-de-France,94600,FR,France,FrederiqueBlanc@cuvox.de,Wasky1969,GovuM6laac9,01.70.64.00.30,33,4/7/1969,"Platinum Interior Design",CarbideLighting.fr
